"key","value","languageCode"
"ADD CUSTOMER","ग्राहक जोड़ें","hi"
"Customers","ग्राहक","hi"
"Select Frequency","आवृत्ति चुनें","hi"
"Start Date","प्रारंभ तिथि","hi"
"End Date","समाप्ति तिथि","hi"
"Duration","बारंबारता","hi"
"Select Notification Template","सूचना टेम्पलेट चुनें","hi"
"in days","दिनों में","hi"
"Import & Export","आयात और निर्यात","hi"
"Document Repository","दस्तावेज़ संग्रह","hi"
"Notification Templates","सूचना टेम्पलेट्स","hi"
"name","नाम","hi"
"Filter","फ़िल्टर करें","hi"
"Tier","स्तर","hi"
"Schedule","अनुसूची","hi"
"Filter By: ","इसके द्वारा फ़िल्टर करें:","hi"
"Share Credentials","प्रमाण-पत्र साझा करें","hi"
"Invite Supplier","आपूर्तिकर्ता आमंत्रित करें","hi"
"Create Notification","सूचना बनाएँ","hi"
"Share Credential","प्रमाण-पत्र साझा करें","hi"
"Change Password","पासवर्ड बदलें","hi"
"My Organization","मेरा संगठन","hi"
"Assessments","मूल्यांकन","hi"
"Redwoods Admin","रेडवुड्स व्यवस्थापक","hi"
"Edit SUPPLIER","आपूर्तिकर्ता संपादित करें","hi"
"Edit CUSTOMER","ग्राहक संपादित करें","hi"
"Data Exported Successfully","डेटा सफलतापूर्वक निर्यात हुआ","hi"
"Export","निर्यात करें","hi"
"Import","आयात करें","hi"
"Brand","ब्रांड","hi"
"Name of the Organization","संगठन का नाम","hi"
"United States","संयुक्त राज्य अमेरिका","hi"
"Address Line 1","पता पंक्ति 1","hi"
"Address Line 2","पता पंक्ति 2","hi"
"Select Country","देश चुनें","hi"
"Country","देश","hi"
"Select State","राज्य चुनें","hi"
"State/Province","राज्य/प्रांत","hi"
"City Name Here","यहाँ शहर का नाम","hi"
"City","शहर","hi"
"123456","123456","hi"
"Postal Code","डाक कोड","hi"
"My Profile","मेरी प्रोफ़ाइल","hi"
"Open","खोलें","hi"
"Assessment","मूल्यांकन","hi"
"Company","कंपनी","hi"
"AI Predictions","एआई भविष्यवाणियाँ","hi"
"Home Spend Analytics","होम व्यय विश्लेषण","hi"
"MENU.SUPPLIER","आपूर्तिकर्ता","hi"
"Home Supplier Emissions Top","शीर्ष आपूर्तिकर्ता उत्सर्जन","hi"
"Reports Table","रिपोर्ट तालिका","hi"
"New Report","नई रिपोर्ट","hi"
"Customer List","ग्राहक सूची","hi"
"Suppliers List","आपूर्तिकर्ताओं की सूची","hi"
"Purchased Gases","खरीदी गई गैसें","hi"
"Commuting","आवागमन","hi"
"Search by title","शीर्षक से खोजें","hi"
"SCOPE 1","स्कोप 1","hi"
"SCOPE 2","स्कोप 2","hi"
"SCOPE 3","स्कोप 3","hi"
"ESG Year","ईएसजी वर्ष","hi"
"Resource","संसाधन","hi"
"CO2 Equivalent (Mt)","CO2 समतुल्य (टन में)","hi"
"Fuel Combusted","ईंधन दहन किया गया","hi"
"Quantity Combusted","दहन की गई मात्रा","hi"
"CH4 Emissions (kg)","CH4 उत्सर्जन (किलोग्राम)","hi"
"N2O Emissions (kg)","N2O उत्सर्जन (किलोग्राम)","hi"
"Passenger-Miles (miles)","यात्री-मील (मील)","hi"
"Flight Length","उड़ान की लंबाई","hi"
"Gas","गैस","hi"
"Emission Factors","उत्सर्जन कारक","hi"
"Purchase Amount In Lb","खरीद राशि (पाउंड में)","hi"
"total","कुल","hi"
"CO2 Emissions (kg / mmBtu)","CO2 उत्सर्जन (किग्रा/एमएमबीटीयू)","hi"
"CH$ Emissions (kg / mmBtu)","CH$ उत्सर्जन (किग्रा/एमएमबीटीयू)","hi"
"N2O Emissions (kg / mmBtu)","N2O उत्सर्जन (किग्रा/एमएमबीटीयू)","hi"
"Personal Vehicle, Rental Car or Taxi - Business Travel By Vehicle-Miles (CO2)","निजी वाहन, किराये की कार या टैक्सी - व्यवसाय यात्रा वाहन-मील द्वारा (CO2)","hi"
"Stationary source Fuel Combustion (CO2)","स्थिर स्रोत ईंधन दहन (CO2)","hi"
"Air - Business Travel Passenger - Miles (CO2, CH4 and N20)","हवाई - व्यवसाय यात्रा यात्री - मील (CO2, CH4 और N20)","hi"
"On-Road Product Transport by Vehicle-Miles (CO2,CH4 and N2o)","सड़क द्वारा उत्पाद परिवहन - वाहन-मील (CO2, CH4 और N2O)","hi"
"Personal Vehicle - Employee Commuting by By Vehicle- Miles (CO2)","निजी वाहन - कर्मचारी आवागमन - वाहन-मील द्वारा (CO2)","hi"
"Source Level Fire Suppression Gas CO2 Equivalent Emissions - Screening - Method","स्रोत स्तर अग्नि दमन गैस CO2 समतुल्य उत्सर्जन - स्क्रीनिंग विधि","hi"
"Rail or Bus - Business Travel by Passenger - Miles (CO2)","रेल या बस - व्यवसाय यात्रा यात्री-मील द्वारा (CO2)","hi"
"Organization-Wide Refrigeration Gas CO2 Equivalent Emissions - Simplified Material Balance","संगठन-व्यापी प्रशीतन गैस CO2 समतुल्य उत्सर्जन - सरलीकृत सामग्री संतुलन","hi"
"Waste Disposal Weight by Waste material and Disposal Method (CO2)","अपशिष्ट सामग्री और निपटान विधि के अनुसार अपशिष्ट निपटान वजन (CO2)","hi"
"Organization-Wide Fire Suppression Gas CO2 Equivalent Emissions - Material Balance","संगठन-व्यापी अग्नि दमन गैस CO2 समतुल्य उत्सर्जन - सामग्री संतुलन","hi"
"Organization-Wide Fire Suppression Gas CO2 Equivalent Emissions -Simplified Material Balance","संगठन-व्यापी अग्नि दमन गैस CO2 समतुल्य उत्सर्जन - सरलीकृत सामग्री संतुलन","hi"
"Supplier","आपूर्तिकर्ता","hi"
"Completion Date","समाप्ति तिथि","hi"
"Status","स्थिति","hi"
"Approve","स्वीकृत करें","hi"
"Reject","अस्वीकृत करें","hi"
"Send Reminder","अनुस्मारक भेजें","hi"
"Close","बंद करें","hi"
"Environment Emission By Scope","पर्यावरण उत्सर्जन स्कोप अनुसार","hi"
"Energy Used by Location","स्थान अनुसार ऊर्जा उपयोग","hi"
"Environment Total Energy Emissions","कुल ऊर्जा उत्सर्जन","hi"
"Organization Hierarchy","संगठन संरचना","hi"
"Fuel Usage","ईंधन उपयोग","hi"
"Vehicle Year","वाहन वर्ष","hi"
"Miles Traveled","सफर की गई दूरी (मील में)","hi"
"Inventory Change (Ib)","भंडार परिवर्तन (पाउंड)","hi"
"Transferred Amount (Ib)","स्थानांतरित मात्रा (पाउंड)","hi"
"New Units","नई इकाइयाँ","hi"
"Existing Units","मौजूदा इकाइयाँ","hi"
"Recharge (lb)","रीचार्ज (पाउंड)","hi"
"Equipment Type","उपकरण प्रकार","hi"
"Gas Type","गैस प्रकार","hi"
"Unit Capacity (Kg)","इकाई क्षमता (किलोग्राम)","hi"
"Recharge (kg)","रीचार्ज (किलोग्राम)","hi"
"Existing  Units","मौजूदा इकाइयाँ","hi"
"Capacity (kg)","क्षमता (किलोग्राम)","hi"
"Charge (kg)","चार्ज (किलोग्राम)","hi"
"Disposed Units","निष्पादित इकाइयाँ","hi"
"Recovered (kg)","पुनः प्राप्त (किलोग्राम)","hi"
"Assign","आवंटित करें","hi"
"New Assessment","नई मूल्यांकन","hi"
"Delete","हटाएं ?","hi"
"Title","शीर्षक","hi"
"Created","बनाया गया","hi"
"Sign In","साइन इन करें","hi"
"User Name","उपयोगकर्ता नाम","hi"
"Continue","जारी रखें","hi"
"Need help with Credentials, please contact","क्रेडेंशियल्स में सहायता के लिए, कृपया संपर्क करें","hi"
"support@redwoods.ai","support@redwoods.ai","hi"
"Name of the Organisation","संगठन का नाम","hi"
"my-organization","my-organization","hi"
"Environment Emission By Scope","स्कोप के अनुसार पर्यावरण उत्सर्जन","hi"
"Emission By Scope","स्कोप के अनुसार उत्सर्जन","hi"
"Energy Used by Location","स्थान द्वारा उपयोग की गई ऊर्जा","hi"
"Total Energy Emissions","कुल ऊर्जा उत्सर्जन","hi"
"Timelines","समयरेखाएँ","hi"
"Spend Analytics","खर्च विश्लेषण","hi"
"USERID","यूज़र आईडी","hi"
"NAME & EMAIL","नाम और ईमेल","hi"
"EXPORTS","निर्यात","hi"
"Created By","द्वारा बनाया गया","hi"
"Description","विवरण","hi"
"Name","नाम","hi"
"No Records Found","कोई रिकॉर्ड नहीं मिला","hi"
"Please Add Records To Display Here","प्रदर्शन के लिए कृपया रिकॉर्ड जोड़ें","hi"
"Delete All","सभी हटाएं","hi"
"Reminder All","सभी को अनुस्मारक भेजें","hi"
"Community page!","समुदाय पृष्ठ!","hi"
"Activate","सक्रिय करें","hi"
"Connectors","कनेक्टर्स","hi"
"Environment","पर्यावरण","hi"
"ESG Score","ईएसजी स्कोर","hi"
"Social","सामाजिक","hi"
"Governance","शासन","hi"
" - Powered By Redwoods.AI"," - रेडवुड्स.एआई द्वारा संचालित","hi"
"2023","2023","hi"
"Take Action","कार्रवाई करें","hi"
"Share","साझा करें","hi"
"Resend","पुनः भेजें","hi"
" No matching records found","कोई मेल खाने वाला रिकॉर्ड नहीं मिला","hi"
"Setup","सेटअप","hi"
"Recycled Water","पुनर्चक्रित जल","hi"
"Water Withdrawal","जल निकासी","hi"
"Water Quantity(in millions of liters)","जल मात्रा (मिलियन लीटर में)","hi"
"Error in Loading data","डेटा लोड करने में त्रुटि","hi"
"We're building this space!","हम इस स्थान को बना रहे हैं!","hi"
"Please come back later to see this page","कृपया बाद में इस पृष्ठ को देखने लौटें","hi"
"Oops!","उफ़!","hi"
"We can't find that page.","हम उस पृष्ठ को नहीं ढूंढ पा रहे हैं।","hi"
"System Error","सिस्टम त्रुटि","hi"
"Return Home","मुखपृष्ठ पर लौटें","hi"
"Inactive forms are non-editable","निष्क्रिय फॉर्म संपादन योग्य नहीं हैं","hi"
"Updated the form","फॉर्म अपडेट किया गया","hi"
"Form Created Successfully","फॉर्म सफलतापूर्वक बनाया गया","hi"
"Sample file","नमूना फ़ाइल","hi"
"Setup Email Notification:","ईमेल सूचना सेटअप करें:","hi"
"Email Notifications","ईमेल सूचनाएँ","hi"
"Send Copy To Personal Email","व्यक्तिगत ईमेल पर प्रति भेजें","hi"
"Activity Related Emails:","गतिविधि से संबंधित ईमेल:","hi"
"You have new notifications","आपके पास नई सूचनाएँ हैं","hi"
"You're sent a direct message","आपको एक सीधा संदेश भेजा गया है","hi"
"Someone adds you as a connection","किसी ने आपको एक कनेक्शन के रूप में जोड़ा है","hi"
"Upon new order","नई ऑर्डर पर","hi"
"New membership approval","नई सदस्यता की स्वीकृति","hi"
"Member registration","सदस्य पंजीकरण","hi"
"Updates From Keenthemes:","Keenthemes से अपडेट्स:","hi"
"Email You With","आपको ईमेल भेजें","hi"
"News about Keenthemes products and feature updates","Keenthemes उत्पादों और फीचर अपडेट्स के बारे में समाचार","hi"
"Tips on getting more out of Keen","Keen का बेहतर उपयोग करने के सुझाव","hi"
"News about Keenthemes on partner products and other services","साझेदार उत्पादों और अन्य सेवाओं पर Keenthemes की खबरें","hi"
"Save Changes","परिवर्तन सहेजें","hi"
"My Campaigns","मेरे अभियान","hi"
"30 Days","30 दिन","hi"
"90 Days","90 दिन","hi"
"6 Months","6 महीने","hi"
"1 Year","1 वर्ष","hi"
"Add Campaign","अभियान जोड़ें","hi"
"Showing 1 to 10 of 50 entries","50 प्रविष्टियों में से 1 से 10 प्रदर्शित कर रहे हैं","hi"
"Accepted","स्वीकृत","hi"
"Online","ऑनलाइन","hi"
"Pending","अपूर्ण","hi"
"Declined","अस्वीकृत","hi"
"No element selected","कोई तत्व चयनित नहीं","hi"
"Task Actions","कार्य क्रियाएं","hi"
"Convert to Service Task","सेवा कार्य में बदलें","hi"
"Attach Timeout","टाइमआउट संलग्न करें","hi"
"Name:","नाम:","hi"
"Properties","गुण","hi"
"ID:","पहचान:","hi"
"Dashboard","डैशबोर्ड","hi"
"Profile","प्रोफ़ाइल","hi"
"Overview","अवलोकन","hi"
"Projects","परियोजनाएं","hi"
"Campaigns","अभियान","hi"
"Profile -","प्रोफ़ाइल -","hi"
"Example link","उदाहरण लिंक","hi"
"Sorry, no results found","क्षमा करें, कोई परिणाम नहीं मिला","hi"
"Suggestions","सुझाव","hi"
"Mega Menu","मेगा मेनू","hi"
"Documents","दस्तावेज़","hi"
"Followers","अनुयायी","hi"
"Activity","गतिविधि","hi"
"Targets","लक्ष्य","hi"
"Users","उपयोगकर्ता","hi"
"Wizards","विजार्ड","hi"
"Wizard Vertical","विजार्ड वर्टिकल","hi"
"Wizard Horizontal","विजार्ड हॉरिज़ॉन्टल","hi"
"Search","खोज","hi"
"Search Horizontal","खोज क्षैतिज","hi"
"Search Vertical","खोज लंबवत","hi"
"Lists","सूचियाँ","hi"
"Files","फ़ाइलें","hi"
"Documentation","दस्तावेज़ीकरण","hi"
"Layout Builder","लेआउट बिल्डर","hi"
"Save Diagram","आरेख सहेजें","hi"
"Workflows","वर्कफ़्लो","hi"
"Create User","उपयोगकर्ता बनाएँ","hi"
"Deleted","हटाया गया","hi"
"User Deleted successfully","उपयोगकर्ता सफलतापूर्वक हटाया गया","hi"
"Add New User","नया उपयोगकर्ता जोड़ें","hi"
"Not available","उपलब्ध नहीं","hi"
"Update Assessment","मूल्यांकन अपडेट करें","hi"
"Create Assessment","मूल्यांकन बनाएँ","hi"
"My Assessment","मेरा मूल्यांकन","hi"
"New Password","नया पासवर्ड","hi"
"Confirm Password","पासवर्ड की पुष्टि करें","hi"
"Confirm password and new password should be same","पुष्टि पासवर्ड और नया पासवर्ड समान होना चाहिए","hi"
"Set a strong password to prevent unauthorized access to your account","अपने खाते तक अनधिकृत पहुंच को रोकने के लिए एक मजबूत पासवर्ड सेट करें","hi"
"Require strong, unique password.","मजबूत, अनूठा पासवर्ड आवश्यक है।","hi"
"Keep your networks secure by following strong password policies. Please, follow the guidelines to create a strong password:","मजबूत पासवर्ड नीतियों का पालन करके अपने नेटवर्क को सुरक्षित रखें। कृपया मजबूत पासवर्ड बनाने के लिए दिशानिर्देशों का पालन करें:","hi"
"Long","लंबा","hi"
"Random","बेतरतीब","hi"
"Unique","अद्वितीय","hi"
"- at least 8 characters long (even longer is better)","- कम से कम 8 अक्षरों का (अभी और लंबा हो तो और बेहतर)","hi"
"- like a string of mixed- case letters, numbers and symbols (the strongest!) or a passphrase of 5 - 7 random words.","- छोटे-बड़े अक्षरों, संख्याओं और प्रतीकों का मिश्रण या 5-7 बेतरतीब शब्दों की एक पासफ्रेज़","hi"
"- used for one and only one account.","- केवल एक खाते के लिए उपयोग किया गया","hi"
"Supplier Created Successfully","आपूर्तिकर्ता सफलतापूर्वक बनाया गया","hi"
"Please Select Hierarchy level ","कृपया पदानुक्रम स्तर चुनें","hi"
"Submit","जमा करें","hi"
"Please wait...","कृपया प्रतीक्षा करें...","hi"
"unable to download data","डेटा डाउनलोड करने में असमर्थ","hi"
"Supplier deleted successfully","आपूर्तिकर्ता सफलतापूर्वक हटाया गया","hi"
"Customer deleted successfully","ग्राहक सफलतापूर्वक हटाया गया","hi"
"Something went wrong while deleting supplier","आपूर्तिकर्ता हटाते समय कुछ गलत हुआ","hi"
"Your credentials have been shared successfully","आपकी प्रमाण-पत्र जानकारी सफलतापूर्वक साझा की गई है","hi"
"Something went wrong","कुछ गलत हो गया","hi"
"Shared successfully","सफलतापूर्वक साझा किया गया","hi"
"Please select supplier by checkbox","कृपया चेकबॉक्स द्वारा आपूर्तिकर्ता का चयन करें","hi"
"Add","जोड़ें","hi"
"Update Your Organization","अपने संगठन को अपडेट करें","hi"
"Loading...","लोड हो रहा है...","hi"
"Upload Company Logo","कंपनी लोगो अपलोड करें","hi"
"Please check all fields Or Mobile number must be at least 8 digits","कृपया सभी फ़ील्ड जांचें या मोबाइल नंबर कम से कम 8 अंकों का होना चाहिए","hi"
"Address","पता","hi"
"Discard","खारिज करें","hi"
"New Assesment","नया मूल्यांकन","hi"
"Rental Car or Taxi","किराये की कार या टैक्सी","hi"
"Rail or Bus","रेल या बस","hi"
"Air","हवाई","hi"
"Row deleted Successfully","पंक्ति सफलतापूर्वक हटाई गई","hi"
"Personal Vehicle","निजी वाहन","hi"
"Public Transportation","सार्वजनिक परिवहन","hi"
"MYESGDATA","माई ईएसजी डेटा","hi"
"MY Data","मेरा डेटा","hi"
"Summary","सारांश","hi"
"Generic Calculator Table","सामान्य कैलकुलेटर तालिका","hi"
"Location for locale","स्थानीयता के लिए स्थान","hi"
"Year","वर्ष","hi"
"Month","महीना","hi"
"Approach","पद्धति","hi"
"Scope","दायरा","hi"
"Subcategory","उपश्रेणी","hi"
"Value","मूल्य","hi"
"Emission Factor","उत्सर्जन गुणांक","hi"
"MT of CO2e","सीओ2 समतुल्य का मीट्रिक टन","hi"
"Location","स्थान","hi"
"Generic","सामान्य","hi"
"From Date","तिथि से","hi"
"To Date","तिथि तक","hi"
"Show","दिखाएँ","hi"
"Co2 Emissions","सीओ2 उत्सर्जन","hi"
"used","प्रयुक्त","hi"
"New Integration","नई एकीकरण","hi"
"Apply","लागू करें","hi"
"Add New Row","नई पंक्ति जोड़ें","hi"
"Material Balance","सामग्री संतुलन","hi"
"Simplified Material Balance","सरलीकृत सामग्री संतुलन","hi"
"Screening Method","स्क्रीनिंग विधि","hi"
"Add New Record","नया रिकॉर्ड जोड़ें","hi"
"+ Add New","+ नया जोड़ें","hi"
"Default Categories","डिफ़ॉल्ट श्रेणियाँ","hi"
"My Categories","मेरी श्रेणियाँ","hi"
"Please Select","कृपया चयन करें","hi"
"January","जनवरी","hi"
"February","फरवरी","hi"
"March","मार्च","hi"
"April","अप्रैल","hi"
"May","मई","hi"
"June","जून","hi"
"July","जुलाई","hi"
"August","अगस्त","hi"
"September","सितंबर","hi"
"October","अक्टूबर","hi"
"November","नवंबर","hi"
"December","दिसंबर","hi"
"S-Category | E-Factor | Units","एस-श्रेणी | ई-कारक | इकाइयाँ","hi"
"SubCategory Units","उपश्रेणी इकाइयाँ","hi"
"metric ton","मीट्रिक टन","hi"
"gram (g)","ग्राम (g)","hi"
"pounds (lb)","पाउंड (lb)","hi"
"kilogram (kg)","किलोग्राम (kg)","hi"
"Short Ton","शॉर्ट टन","hi"
"SCF","SCF","hi"
"gal","गैलन","hi"
"ton-miles","टन-मील","hi"
"Metricton","मीट्रिकटन","hi"
"gram","ग्राम","hi"
"MMBtu","एमएमबीटीयू","hi"
"pt","पिंट","hi"
"T","टन","hi"
"mt","मीट्रिक टन","hi"
"lb","पाउंड","hi"
"g","ग्राम","hi"
"kg","किलोग्राम","hi"
"passenger-miles","यात्री-मील","hi"
"vehicle-miles","वाहन-मील","hi"
"Kilo Grams","किलोग्राम","hi"
"Barrels","बैरेल","hi"
"Gallons","गैलन","hi"
"Therm","थर्म","hi"
"Calculate & Save","गणना करें और सहेजें","hi"
"Calculated value is displayed based upon the given inputs","दिए गए इनपुट के आधार पर गणना की गई मान प्रदर्शित की जाती है","hi"
"Yearly","वार्षिक","hi"
"Quarterly","त्रैमासिक","hi"
"Monthly","मासिक","hi"
"Weekly","साप्ताहिक","hi"
"Daily","दैनिक","hi"
"Custom","कस्टम","hi"
"Importing","आयात हो रहा है","hi"
"click to import","आयात करने के लिए क्लिक करें","hi"
"File Selected:","फ़ाइल चुनी गई:","hi"
"Supported format: CSV","समर्थित प्रारूप: CSV","hi"
"Sample Format","नमूना प्रारूप","hi"
"Maximum Size: 5MB","अधिकतम आकार: 5MB","hi"
"You can download the attached sample and use them as straight point of your own file.","आप संलग्न नमूना डाउनलोड कर सकते हैं और इसे अपनी फ़ाइल के लिए सीधे बिंदु के रूप में उपयोग कर सकते हैं।","hi"
"A new template will be created upon making any changes to the current one","मौजूदा टेम्पलेट में कोई भी बदलाव करने पर एक नया टेम्पलेट बनाया जाएगा","hi"
"CSV Fields","CSV फ़ील्ड्स","hi"
"Server Fields","सिस्टम फ़ील्ड्स","hi"
"Choose Key Mapping","कुंजी मैपिंग चुनें","hi"
"CSV Only","केवल CSV","hi"
"Choose Measure Type","माप प्रकार चुनें","hi"
"If you need more info, please check out","यदि आपको और जानकारी चाहिए, तो कृपया देखें","hi"
"Help Page","सहायता पृष्ठ","hi"
"Spend Based","व्यय आधारित","hi"
"Detailed data from across a company's entire value chain, please check it out","कंपनी की पूरी वैल्यू चेन से विस्तृत डेटा, कृपया इसे देखें","hi"
"Collects financial data only , If you need more info, please check it out","केवल वित्तीय डेटा एकत्र करता है, यदि आपको अधिक जानकारी चाहिए तो कृपया देखें","hi"
"Use images to enhance time travel rivers","समय यात्रा नदियों को बेहतर बनाने के लिए छवियों का उपयोग करें","hi"
"Food & Agriculture","खाद्य और कृषि","hi"
"Use images to your post time","अपने पोस्ट समय के लिए छवियों का उपयोग करें","hi"
"Transportation","परिवहन","hi"
"Use images to enhance your post flow","अपने पोस्ट फ्लो को बढ़ाने के लिए छवियों का उपयोग करें","hi"
"Energy","ऊर्जा","hi"
"Select Industry Type","उद्योग प्रकार चुनें","hi"
"Total Money Spent","कुल खर्च की गई राशि","hi"
"Customers will see this shortened version of your statement descriptor","ग्राहक आपके विवरण वर्णनकर्ता का यह संक्षिप्त संस्करण देखेंगे","hi"
"10-50","10-50","hi"
"2-10","2-10","hi"
"Specify Employee Size","कर्मचारी आकार निर्दिष्ट करें","hi"
"Business Details","व्यवसाय विवरण","hi"
"Contact Email","संपर्क ईमेल","hi"
"Business Description","व्यवसाय विवरण","hi"
"Region","क्षेत्र","hi"
"Corporation Type","कॉरपोरेशन प्रकार","hi"
"Shortened Descriptor","संक्षिप्त विवरण","hi"
"Business Name","व्यवसाय का नाम","hi"
"Your Are Done!","आपका कार्य पूरा हुआ!","hi"
"Contact us","हमसे संपर्क करें","hi"
"To start using our great tools like What If analysis & ESG Insights.","हमारे शानदार उपकरण जैसे व्हाट इफ विश्लेषण और ESG इनसाइट्स का उपयोग शुरू करने के लिए।","hi"
"Writing headlines for blog posts is as much an art as it is a science and probably warrants its own post, but for all advise is with what works for your great & amazing audience.","ब्लॉग पोस्ट के लिए हेडलाइन लिखना उतना ही एक कला है जितना कि यह विज्ञान है, और संभवतः इसका स्वयं का एक पोस्ट होना चाहिए, लेकिन सभी सलाह आपके अद्भुत दर्शकों के लिए जो कार्य करती है उस पर आधारित होनी चाहिए।","hi"
"Redwoods Pricing Model","रेडवुड्स मूल्य निर्धारण मॉडल","hi"
"1","1","hi"
"2","2","hi"
"3","3","hi"
"4","4","hi"
"Data","डेटा","hi"
"Woah, your results here","वाह, आपके परिणाम यहाँ हैं","hi"
"Company information","कंपनी की जानकारी","hi"
"Internal and External data","आंतरिक और बाहरी डेटा","hi"
"Carbon Footprint","कार्बन फुटप्रिंट","hi"
"Options","विकल्प","hi"
"Actions","क्रियाएँ","hi"
"Invite Clients","ग्राहकों को आमंत्रित करें","hi"
"Add New Client","नया ग्राहक जोड़ें","hi"
"Invite","आमंत्रण","hi"
"FAQ Page","सामान्य प्रश्न पृष्ठ","hi"
"Invite a Customer","एक ग्राहक को आमंत्रित करें","hi"
"Invite Customer","ग्राहक को आमंत्रित करें","hi"
"Notification List","सूचना सूची","hi"
"View Reports","रिपोर्ट देखें","hi"
"External Recipents","बाहरी प्राप्तकर्ता","hi"
"Ends On","समाप्त होता है","hi"
"After","के बाद","hi"
"Never","कभी नहीं","hi"
"Starts on","प्रारंभ होता है","hi"
"Select Month","महीना चुनें","hi"
"For the Weekday of","सप्ताह के दिन के लिए","hi"
"For the Month of","महीने के लिए","hi"
"Every","हर","hi"
"Of Every","हर एक का","hi"
"On Every","हर पर","hi"
"Month(s)","महीना(महीने)","hi"
"of every","हर एक का","hi"
"Weekdays of Month","महीने के सप्ताह के दिन","hi"
"Day of Month","महीने का दिन","hi"
"Weeks","सप्ताह","hi"
"All Weekdays","सभी कार्यदिवस","hi"
"Recurs","दोहराता है","hi"
"Export Type","निर्यात प्रकार","hi"
"Schedule Name","अनुसूची नाम","hi"
"Report","रिपोर्ट","hi"
"Calculated value","गणना किया गया मान","hi"
"Calculate","गणना करें","hi"
"Mass Based","द्रव्यमान आधारित","hi"
"Mobile Source fuel Combustion and Miles Traveled","मोबाइल स्रोत ईंधन दहन और यात्रा की गई दूरी","hi"
"On Raod (or) Non Road","सड़क पर (या) गैर सड़क","hi"
"Total Amount of Purchased Offsets (CO2)","खरीदे गए ऑफसेट की कुल मात्रा (CO2)","hi"
"Offsets Purchased (MetricTons CO2e)","ऑफसेट खरीदे गए (मीट्रिक टन CO2e)","hi"
"Total Amount of Electricity Purchased by eGRID Subregion","eGRID उप-क्षेत्र द्वारा खरीदी गई कुल बिजली की मात्रा","hi"
"Fuel, Boiler, Steam and Emission Factor Data for Steam purchased","खरीदी गई भाप के लिए ईंधन, बॉयलर, भाप और उत्सर्जन कारक डेटा","hi"
"Inventory Change (kg)","सूची परिवर्तन (किग्रा)","hi"
"Transferred Amount (kg)","स्थानांतरित मात्रा (किग्रा)","hi"
"Capacity Change (kg)","क्षमता परिवर्तन (किग्रा)","hi"
"organization-wide RefrigerationGas CO2 Equivalent Emissions -Material Balance","संगठन-स्तरीय रेफ्रिजरेशन गैस CO2 समतुल्य उत्सर्जन","hi"
"Dsiposed Units","निष्पादित इकाइयाँ","hi"
"Charge (lb)","चार्ज (पाउंड)","hi"
"Capacity (lb)","क्षमता (पाउंड)","hi"
"HOME.EMISSIONS_BY_SCOPE3","स्कोप 3 द्वारा उत्सर्जन","hi"
"Allocated locations data not in the file and please make sure insert the allocated locations in the file","फाइल में निर्धारित स्थानों का डेटा नहीं है, कृपया सुनिश्चित करें कि स्थान फाइल में सम्मिलित किए गए हैं","hi"
"Override","ओवरराइड","hi"
"Append","जोड़ें","hi"
"Total Co2","कुल CO2","hi"
"Electricity Purchased Emissions","खरीदी गई बिजली से उत्पन्न उत्सर्जन","hi"
"Map the columns from your CSV file to the system fields below.","अपने CSV फ़ाइल के कॉलम को नीचे दिए गए सिस्टम फ़ील्ड्स से मिलाएं।","hi"
"Ensure each column is correctly matched to import your data accurately","सुनिश्चित करें कि प्रत्येक कॉलम सही ढंग से मेल खा रहा है ताकि आपका डेटा सही से आयात हो सके","hi"
"Search by company name","कंपनी के नाम से खोजें","hi"
"Metric tons of CO2 equivalent","मीट्रिक टन CO2 समतुल्य","hi"
"Dashboard Updated","डैशबोर्ड अपडेट किया गया","hi"
"Dashboard Update Failed","डैशबोर्ड अपडेट विफल रहा","hi"
"useDashboardFilter must be used within a DashboardFilterProvider","useDashboardFilter को DashboardFilterProvider के भीतर उपयोग करना चाहिए","hi"
"Bar Chart","बार चार्ट","hi"
"Line Chart","लाइन चार्ट","hi"
"Create Action Plan","एक्शन प्लान बनाएं","hi"
"AI Assistant","एआई सहायक","hi"
"Start Engagement","संपर्क शुरू करें","hi"
"Edit","संपादित करें","hi"
"Please Select at list one tag","कृपया कम से कम एक टैग चुनें","hi"
"Failed to update tags:","टैग अपडेट करने में विफल:","hi"
"Apply","लागू करें","hi"
"Tags","टैग","hi"
"Available","उपलब्ध","hi"
"Selected","चयनित","hi"
"Move Up","ऊपर ले जाएँ","hi"
"Move Down","नीचे ले जाएँ","hi"
"Filter Options","फ़िल्टर विकल्प","hi"
"Monthly data will be displayed for the selected date range","चयनित दिनांक सीमा के लिए मासिक डेटा प्रदर्शित किया जाएगा","hi"
"Data Already Exists for same period","उसी अवधि के लिए डेटा पहले से मौजूद है","hi"
"Please Click on Append or Overwrite for the next process.","कृपया अगली प्रक्रिया के लिए जोड़ें या अधिलेखित पर क्लिक करें।","hi"
"Download","डाउनलोड करें","hi"
"Sample File Template","नमूना फ़ाइल टेम्पलेट","hi"
"Next","अगला","hi"
"Are you sure you want to remove","क्या आप वाकई हटाना चाहते हैं","hi"
"Confirm To Remove","हटाने की पुष्टि करें","hi"
"unable to download data","डेटा डाउनलोड करने में असमर्थ","hi"
"Data Exported Successfully","डेटा सफलतापूर्वक निर्यात किया गया","hi"
"Unable to download data. Please try again later.","डेटा डाउनलोड नहीं किया जा सका। कृपया बाद में पुनः प्रयास करें।","hi"
"Export  Calculator List","कैलकुलेटर सूची निर्यात करें","hi"
"Resource Name","संसाधन का नाम","hi"
"Previous Import Status","पिछली आयात स्थिति","hi"
"No Data available!","कोई डेटा उपलब्ध नहीं है!","hi"
"Error loading data","डेटा लोड करने में त्रुटि","hi"
"Incident Investigation","घटना की जांच","hi"
"Flash Incident Report Details","त्वरित घटना रिपोर्ट विवरण","hi"
"Date & Time :","तिथि और समय :","hi"
"11 Aug 2024, 08:08 PM","11 अगस्त 2024, 08:08 PM","hi"
"Overview","समीक्षा","hi"
"Timeline","समयरेखा","hi"
"Open","खुला","hi"
"Separated link","अलग लिंक","hi"
"Something else here","यहां कुछ और","hi"
"Another action","एक और क्रिया","hi"
"Details","विवरण","hi"
"Assignee","सौंपा गया व्यक्ति","hi"
"Assign to me","मुझे सौंपें","hi"
"Assigned By","द्वारा सौंपा गया","hi"
"Assignee Name here","यहां सौंपे गए व्यक्ति का नाम","hi"
"Assigned For","के लिए सौंपा गया","hi"
"Assigned For Name here","यहां सौंपे गए के लिए नाम","hi"
"High","उच्च","hi"
"Priority","प्राथमिकता","hi"
"Details of Injured / Affected Person","घायल/प्रभावित व्यक्ति के विवरण","hi"
"Name of Person","व्यक्ति का नाम","hi"
"Relationship with Company","कंपनी के साथ संबंध","hi"
"Contract Employee","ठेकेदार कर्मचारी","hi"
"Role / Trade / Profession","भूमिका / व्यापार / पेशा","hi"
"Driver","चालक","hi"
"Age","उम्र","hi"
"Experience","अनुभव","hi"
"11 Years","11 वर्ष","hi"
"Approval Status","अनुमोदन स्थिति","hi"
"Name of Person","व्यक्ति का नाम","hi"
"User name","उपयोगकर्ता नाम","hi"
"Approved","अनुमोदित","hi"
"Date & Time","तिथि और समय","hi"
"Jan 10, 2024 10:40 AM","10 जनवरी 2024 10:40 AM","hi"
"Comments","टिप्पणियाँ","hi"
"Created 2 days ago","2 दिन पहले निर्मित","hi"
"Incident Investigation","घटना की जांच","hi"
"General Details","सामान्य विवरण","hi"
"Business Unit","व्यापार इकाई","hi"
"Minor Injury","हल्का चोट","hi"
"Loss Time Injury","समय की हानि चोट","hi"
"Fatal Incident","घातक घटना","hi"
"Select Incident Type","घटना प्रकार चुनें","hi"
"Location","स्थान","hi"
"Sub Unit","उप इकाई","hi"
"Flash Incident Reported","फ्लैश घटना रिपोर्टेड","hi"
"Yes","हाँ","hi"
"Flash Incident Reporting Time","फ्लैश घटना रिपोर्टिंग समय","hi"
"Fetched From System Automatically","स्वचालित रूप से सिस्टम से लिया गया","hi"
"Type of Incident","घटना का प्रकार","hi"
"Incident Involves Injury ","घटना में चोट शामिल है","hi"
"Fatal Incident","घातक घटना","hi"
"Loss Time Injury","समय की हानि चोट","hi"
"Medical Treatment Case","चिकित्सा उपचार केस","hi"
"First Aid Injury","प्राथमिक उपचार चोट","hi"
"Incident not Involves Injury","घटना में चोट नहीं शामिल है","hi"
"Nearmiss","निकटदृष्टि","hi"
"No matching records found","कोई मेल खाते रिकॉर्ड नहीं मिले","hi"
"AVAILABLE FOR INVESTIGATION","जांच के लिए उपलब्ध","hi"
"Yes","हाँ","hi"
"Type of Incident","घटना का प्रकार","hi"
"Location","स्थान","hi"
"Date & Time","तिथि और समय","hi"
"Reported By","द्वारा रिपोर्ट किया गया","hi"
"Reporting on behalf of","की ओर से रिपोर्टिंग","hi"
"Select any name here","यहां कोई नाम चुनें","hi"
"Reporting Manager","रिपोर्टिंग प्रबंधक","hi"
"Name of Supplier/Contractor","आपूर्तिकर्ता/ठेकेदार का नाम","hi"
"Details of Injured / Affetcted Person","घायल / प्रभावित व्यक्ति के विवरण","hi"
"Name of the Person","व्यक्ति का नाम","hi"
"Relation with Reporting Company","रिपोर्टिंग कंपनी के साथ संबंध","hi"
"Visitor","आगंतुक","hi"
"Third Party Employee","तृतीय पक्ष कर्मचारी","hi"
"Contract Employee","ठेकेदार कर्मचारी","hi"
"Role/Trade/Profession","भूमिका/व्यापार/पेशा","hi"
"Details of Incident & Injury","घटना और चोट के विवरण","hi"
"Immediate Actions Taken","तत्काल किए गए क्रियाएँ","hi"
"Upload Photos / Videos / Recording","फोटो / वीडियो / रिकॉर्डिंग अपलोड करें","hi"
"Incident with Work Place Injury","कार्यस्थल पर चोट के साथ घटना","hi"
"Flash Incident Report","फ्लैश घटना रिपोर्ट","hi"
"Fatal Incident","घातक घटना","hi"
"Loss Tie Injury","समय की हानि चोट","hi"
"Major Injury","बड़ी चोट","hi"
"First Aid Incident","प्राथमिक उपचार घटना","hi"
"Dangerous Occurence","खतरनाक घटना","hi"
"Fire & Explosion","आग और विस्फोट","hi"
"Near Miss","निकट दुर्घटना","hi"
"Traffic Incidents","यातायात घटनाएँ","hi"
"Environmental Incident","पर्यावरणीय घटना","hi"
"MENU.SUPPLIERS","आपूर्तिकर्ता","hi"
"MENU.BUSINESSES","व्यवसाय","hi"
"MENU.AIDASHBOARD","ऑटोफिल प्रतिक्रियाएँ","hi"
"MENU.AUTOFILL","अनुरोध","hi"
"MENU.MYREQUEST","मेरा अनुरोध","hi"
"MENU.METRICS","ज्ञान केंद्र","hi"
"MENU.MYASSESSMENT","मूल्यांकन","hi"
"MENU.MEASURE.ENVIRONMENTAL","पर्यावरणीय","hi"
"MENU.MEASURE.SOCIAL","सामाजिक","hi"
"MENU.MEASURE.GOVERNANCE","शासन","hi"
"MEASUREGOVERNANCE","शासन","hi"
"HEALTHANDSAFTEY","स्वास्थ्य और सुरक्षा","hi"
"GENDEREQUALITY","लिंग समानता","hi"
"HOME.Supplier_CEO_PLEDGE","सीईओ की प्रतिज्ञा","hi"
"HOME.POWERED_BY","द्वारा संचालित","hi"
"HOME.TOTAL_ESG_SCORE","सततता स्कोर","hi"
"ENVIRONMENT.GENERIC_CALCULATOR","सामान्य","hi"
"ENVIRONMENT.WASTE_CATEGORY","कचरा","hi"
"ENVIRONMENT.UP_DOWN_CATEGORY","ऊपरी और निचले स्तर","hi"
"ENVIRONMENT.CAPITAL_GOODS_CATEGORY","पूंजीगत वस्तुएं","hi"
"ENVIRONMENT.FUEL_AND_ENERGY","ईंधन और ऊर्जा","hi"
"ENVIRONMENT.BUSINESS_TRAVEL","व्यावसायिक यात्रा","hi"
"ENVIRONMENT.UPSTREAM_CATEGORY","ऊपरी लीज्ड संपत्तियाँ","hi"
"ENVIRONMENT.EOL_SOLD_PRODUCTS","ईओएल बेचे गए उत्पाद","hi"
"FORM.SIGN_UP","साइन अप करें!","hi"
"FORM.VALID_EMAIL","कृपया एक वैध ईमेल पता दर्ज करें।","hi"
"FORM.EMAIL_REQUIRED","ईमेल आवश्यक है।","hi"
"FORM.PLEASE_WAIT","कृपया प्रतीक्षा करें...","hi"
"SIGNUP.IS_COMPANY_EMAIL","कृपया एक कंपनी ईमेल पता दर्ज करें जिसमें एक वैध डोमेन हो","hi"
"SIGNUP.FIRST_NAME_REQUIRED","पहला नाम आवश्यक है","hi"
"SIGNUP.LAST_NAME_REQUIRED","अंतिम नाम आवश्यक है","hi"
"SIGNUP.COMPANY_NAME_REQUIRED","कंपनी का नाम आवश्यक है","hi"
"SIGNUP.INDUSTRY_REQUIRED","उद्योग आवश्यक है","hi"
"SIGNUP.SECTOR_REQUIRED","क्षेत्र आवश्यक है","hi"
"SIGNUP.CONTACT_NUMBER_REQUIRED","संपर्क नंबर आवश्यक है","hi"
"SIGNUP.CONTACT_NUMBER_NUMERIC","संपर्क नंबर संख्यात्मक होना चाहिए","hi"
"SIGNUP.CONTACT_NUMBER_MIN","संपर्क नंबर कम से कम 8 अंकों का होना चाहिए","hi"
"SIGNUP.CONTACT_NUMBER_MAX","संपर्क नंबर 15 अंकों से अधिक नहीं होना चाहिए","hi"
"SIGNUP.COUNTRY_REQUIRED","देश आवश्यक है","hi"
"SIGNUP.CHECK_BOX_REQUIRED","कृपया चेक बॉक्स पर क्लिक करें","hi"
"SIGNUP.THANK_YOU","साइन अप करने के लिए धन्यवाद! एक पुष्टि ईमेल आपके ईमेल पते पर भेजा गया है। कृपया अपने खाते को सत्यापित करने के लिए इसे चेक करें और प्रारंभ करें।","hi"
"SIGNUP.LOGIN_INCORRECT","लॉगिन विवरण गलत हैं","hi"
"SIGNUP.BUSINESS_EMAIL","व्यावसायिक ईमेल","hi"
"SIGNUP.FIRST_NAME","पहला नाम","hi"
"SIGNUP.LAST_NAME","अंतिम नाम","hi"
"SIGNUP.COMPANY_NAME","कंपनी का नाम","hi"
"SIGNUP.INDUSTRY","उद्योग","hi"
"SIGNUP.SECTOR","क्षेत्र","hi"
"SIGNUP.PHONE_NUMBER","मोबाइल / व्यवसाय नंबर","hi"
"SIGNUP.COUNTRY","देश","hi"
"SIGNUP.PROMOTIONAL_EMAIL_CONSENT","हाँ, मैं प्रचारक ईमेल प्राप्त करना चाहूंगा जिसमें रेडवुड्स.एआई से महत्वपूर्ण उद्योग की जानकारी और प्रासंगिक समाधान शामिल हों।","hi"
"SIGNUP.CANCEL","रद्द करें","hi"
"SIGNUP.SUBMIT","साइन अप करें","hi"
"SIGNUP.SEARCH_PLACEHOLDER","खोजने के लिए टाइप करें और एंटर दबाएं","hi"
"SIGNUP.ENTER_CUSTOM_COMPANY_NAME","कस्टम कंपनी नाम दर्ज करें","hi"
"Standards","मानक","hi"
"Owner","स्वामी","hi"
"Frequency","आवृत्ति","hi"
"Results","परिणाम","hi"
"Scope 1","स्कोप 1","hi"
"Scope 2","स्कोप 2","hi"
"Scope 3","स्कोप 3","hi"
"Employee Gender Diversity","कर्मचारी लिंग विविधता","hi"
"Employee Gender Diversity (MWh) distribution across locations, visualized in a pie chart for easy comparison","कर्मचारी लिंग विविधता (MWh) विभिन्न स्थानों के बीच वितरण, तुलना के लिए पाई चार्ट में दिखाया गया","hi"
"Fatalities - Energy consumption (MWh) distribution across locations, visualized in a pie chart for easy comparison.","मृत्यु - ऊर्जा खपत (MWh) विभिन्न स्थानों के बीच वितरण, तुलना के लिए पाई चार्ट में दिखाया गया।","hi"
"EMP Timeout - Energy consumption (MWh) distribution across locations, visualized in a pie chart for easy comparison.","EMP टाइमआउट - ऊर्जा खपत (MWh) विभिन्न स्थानों के बीच वितरण, तुलना के लिए पाई चार्ट में दिखाया गया।","hi"
"Emp Turnover - Energy consumption (MWh) distribution across locations, visualized in a pie chart for easy comparison.","कर्मचारी पलायन - ऊर्जा खपत (MWh) विभिन्न स्थानों के बीच वितरण, तुलना के लिए पाई चार्ट में दिखाया गया।","hi"
"Impact - Energy consumption (MWh) distribution across locations, visualized in a pie chart for easy comparison.","प्रभाव - ऊर्जा खपत (MWh) विभिन्न स्थानों के बीच वितरण, तुलना के लिए पाई चार्ट में दिखाया गया।","hi"
"Community Allocation - Energy consumption (MWh) distribution across locations, visualized in a pie chart for easy comparison.","समुदाय आवंटन - ऊर्जा खपत (MWh) विभिन्न स्थानों के बीच वितरण, तुलना के लिए पाई चार्ट में दिखाया गया।","hi"
"Line chart showcasing key achievements over time, highlighting milestones and progress along the timeline.","समय के साथ प्रमुख उपलब्धियों को दर्शाने वाला रेखाचित्र, मील के पत्थर और प्रगति को रेखांकित करता है।","hi"
"Bar chart visualizing spending across Salaries, Benifits, CSR, Well-Being categories, comparing amounts spent for better sustainability insights.","बार चार्ट जो वेतन, लाभ, सीएसआर, कल्याण श्रेणियों में खर्च को विज़ुअलाइज़ करता है, बेहतर स्थिरता समझ के लिए खर्च की गई राशियों की तुलना करता है।","hi"
"Progress Each Area - Energy consumption (MWh) distribution across locations, visualized in a pie chart for easy comparison.","प्रत्येक क्षेत्र की प्रगति - ऊर्जा खपत (MWh) विभिन्न स्थानों के बीच वितरण, तुलना के लिए पाई चार्ट में दिखाया गया।","hi"
"Chart presenting monthly GHG emissions data, breaking down emissions across Scope 1, 2, and 3 categories to highlight their relative contributions over time.","चार्ट जो मासिक GHG उत्सर्जन डेटा प्रस्तुत करता है, स्कोप 1, 2, और 3 श्रेणियों के बीच उत्सर्जन को विभाजित करता है ताकि समय के साथ उनके सापेक्ष योगदान को रेखांकित किया जा सके।","hi"
"Chart displaying monthly water consumption trends, highlighting variations in water usage across different months.","चार्ट जो मासिक जल उपभोग प्रवृत्तियों को प्रदर्शित करता है, विभिन्न महीनों में जल उपयोग में बदलाव को रेखांकित करता है।","hi"
"Recycled Waste, Non Hazardous Waste Generation Trend","पुनर्नवीनीकरण कचरा, गैर-हानिकारक कचरा उत्पन्न होने की प्रवृत्ति","hi"
"Energy Emission - Energy consumption (MWh) distribution across locations, visualized in a pie chart for easy comparison.","ऊर्जा उत्सर्जन - ऊर्जा खपत (MWh) विभिन्न स्थानों के बीच वितरण, तुलना के लिए पाई चार्ट में दिखाया गया।","hi"
"Heat Map - Energy consumption (MWh) distribution across locations, visualized in a pie chart for easy comparison.","हीट मैप - ऊर्जा खपत (MWh) विभिन्न स्थानों के बीच वितरण, तुलना के लिए पाई चार्ट में दिखाया गया।","hi"
"Energy Use - Energy consumption (MWh) distribution across locations, visualized in a pie chart for easy comparison.","ऊर्जा उपयोग - ऊर्जा खपत (MWh) विभिन्न स्थानों के बीच वितरण, तुलना के लिए पाई चार्ट में दिखाया गया।","hi"
"Chart showcasing key achievements over time, highlighting milestones and progress along the timeline.","समय के साथ प्रमुख उपलब्धियों को प्रदर्शित करने वाला चार्ट, मील के पत्थरों और प्रगति को रेखांकित करता हुआ।","hi"
"Assessments - Energy consumption (MWh) distribution across locations, visualized in a pie chart for easy comparison.","मूल्यांकन - स्थानों के बीच ऊर्जा खपत (MWh) वितरण, आसान तुलना के लिए पाई चार्ट में प्रदर्शित किया गया।","hi"
"Air Pollution - Energy consumption (MWh) distribution across locations, visualized in a pie chart for easy comparison.","वायु प्रदूषण - स्थानों के बीच ऊर्जा खपत (MWh) वितरण, आसान तुलना के लिए पाई चार्ट में प्रदर्शित किया गया।","hi"
"Chart visualizing spending across Water, Waste, Energy categories, comparing amounts spent for better sustainability insights.","पानी, कचरे, ऊर्जा श्रेणियों में खर्च को प्रदर्शित करने वाला चार्ट, बेहतर स्थिरता संबंधी अंतर्दृष्टि के लिए खर्च की तुलना करता है।","hi"
"Score","स्कोर","hi"
"The API call is working, but it is still being developed by the backend team.","एपीआई कॉल काम कर रहा है, लेकिन यह अभी भी बैकएंड टीम द्वारा विकसित किया जा रहा है।","hi"
"Welcome to","स्वागत है","hi"
"Here are the 3 steps to streamline your sustainability journey","यहां आपके स्थिरता यात्रा को सरल बनाने के 3 कदम हैं।","hi"
"Data Import","डेटा आयात","hi"
"Import your data to begin.","अपना डेटा आयात करें ताकि आप शुरू कर सकें।","hi"
"Import Data","डेटा आयात करें","hi"
"You can import data via Excel,CSV files, or connect to your systems.","आप Excel, CSV फाइलों के माध्यम से डेटा आयात कर सकते हैं, या अपने सिस्टम से कनेक्ट कर सकते हैं।","hi"
"2. Measure & Insights","2. मापें और अंतर्दृष्टि","hi"
"Analyze your key Metrics and gain insights.","अपने मुख्य मीट्रिक्स का विश्लेषण करें और अंतर्दृष्टि प्राप्त करें।","hi"
"Measurement Dashboard","माप मापदंड डैशबोर्ड","hi"
"Explore Performance dashboards, KPIs and track growth trends.","प्रदर्शन डैशबोर्ड, KPIs का अन्वेषण करें और विकास प्रवृत्तियों पर नज़र रखें।","hi"
"3. Reports ","3. रिपोर्ट","hi"
"Create detailed reports to share with others.","अन्य लोगों के साथ साझा करने के लिए विस्तृत रिपोर्ट बनाएं।","hi"
"Reports","रिपोर्ट्स","hi"
"Generate and export reports in PDF or Excel.","PDF या Excel में रिपोर्ट उत्पन्न करें और निर्यात करें।","hi"
"This assessment deleted successfully","यह मूल्यांकन सफलतापूर्वक हटाया गया।","hi"
"Please select a frequency","कृपया एक आवृत्ति चुनें","hi"
"Please enter a valid end date","कृपया एक वैध समाप्ति तिथि दर्ज करें","hi"
"Please enter a valid start date","कृपया एक वैध प्रारंभ तिथि दर्ज करें","hi"
"Please enter a valid number of days","कृपया एक वैध दिनों की संख्या दर्ज करें","hi"
"Duration must be at least 1 day","अवधि कम से कम 1 दिन होनी चाहिए","hi"
"Duration cannot exceed 360 days","अवधि 360 दिनों से अधिक नहीं हो सकती है","hi"
"Please select a notification template","कृपया एक सूचना टेम्पलेट चुनें","hi"
"Please select supplier","कृपया आपूर्तिकर्ता चुनें","hi"
"Water(gallons) / Wine(gallons)","पानी (गैलन) / शराब (गैलन)","hi"
"Add New Dashboard","नया डैशबोर्ड जोड़ें","hi"
"Confirm Dashboard Request","डैशबोर्ड अनुरोध की पुष्टि करें","hi"
"Are you sure you want to request for the new dashboard layout? this will notify the Super Admin for further review.","क्या आप सुनिश्चित हैं कि आप नए डैशबोर्ड लेआउट के लिए अनुरोध करना चाहते हैं? यह सुपर एडमिन को आगे की समीक्षा के लिए सूचित करेगा।","hi"
"Request a new dashboard","नया डैशबोर्ड अनुरोध करें","hi"
"Request Sent Successfully. Our support team will contact you shortly","अनुरोध सफलतापूर्वक भेजा गया। हमारी समर्थन टीम जल्द ही आपसे संपर्क करेगी।","hi"
"Contact Us","संपर्क करें","hi"
"Energy(KWh) / Wine(gallons)","ऊर्जा (KWh) / शराब (गैलन)","hi"
"No data available","कोई डेटा उपलब्ध नहीं है","hi"
"Time Period","समय अवधि","hi"
"Metric tons of CO2 equivalent","CO2 समकक्ष मीट्रिक टन","hi"
"New Subcategory is saved","नया उपश्रेणी सहेजा गया है","hi"
"Please Type All Values Correctly ","कृपया सभी मान सही तरीके से टाइप करें","hi"
"category and subCategory both should not be same","श्रेणी और उपश्रेणी दोनों समान नहीं होनी चाहिए","hi"
"Please Select Category Value ","कृपया श्रेणी मान चुनें","hi"
"Row Added Successfully","पंक्ति सफलतापूर्वक जोड़ी गई","hi"
"Row Updated Successfully","पंक्ति सफलतापूर्वक अपडेट की गई","hi"
"Please Fill the all required fields Category, Subcategory, Value, Units, Emission Factor for the calculation","कृपया सभी आवश्यक क्षेत्रों को भरें श्रेणी, उपश्रेणी, मान, इकाइयाँ, उत्सर्जन कारक गणना के लिए","hi"
"Type new scope...","नया दायरा टाइप करें...","hi"
"Please fill all the required fields","कृपया सभी आवश्यक क्षेत्रों को भरें","hi"
"Dashboard Update Failed","डैशबोर्ड अपडेट विफल","hi"
"Please de-select before proceeding.","आगे बढ़ने से पहले कृपया चयन रद्द करें।","hi"
"Your sustainability journey has already begun — keep growing, keep glowing!","आपकी स्थिरता यात्रा पहले ही शुरू हो चुकी है — बढ़ते रहें, चमकते रहें!","hi"
"Keys updated Successfully","कुंजी सफलतापूर्वक अपडेट की गई","hi"
"Keys added Successfully","कुंजी सफलतापूर्वक जोड़ी गई","hi"
"Default filter setting removed","डिफ़ॉल्ट फ़िल्टर सेटिंग हटा दी गई","hi"
"Confirm Filter Update","फ़िल्टर अपडेट की पुष्टि करें","hi"
"You're about to update your default filter settings. Do you want to proceed?","आप अपने डिफ़ॉल्ट फ़िल्टर सेटिंग्स को अपडेट करने वाले हैं। क्या आप आगे बढ़ना चाहते हैं?","hi"
"Cancel","रद्द करें","hi"
"Update","अपडेट करें","hi"
"Set As Default","डिफ़ॉल्ट के रूप में सेट करें","hi"
"click to import","आयात करने के लिए क्लिक करें","hi"
"Processing…","प्रसंस्करण हो रहा है…","hi"
"Processing your document","आपका दस्तावेज़ प्रसंस्करण किया जा रहा है","hi"
"Analysis In Progress","विश्लेषण प्रगति में है","hi"
"Please Upload Document","कृपया दस्तावेज़ अपलोड करें","hi"
"Error happend in processing document","दस्तावेज़ प्रसंस्करण में त्रुटि हुई","hi"
"File Selected:","फ़ाइल चयनित:","hi"
"Data Exported Successfully","डेटा सफलतापूर्वक निर्यात किया गया","hi"
"Repository","संग्रहण","hi"
"Export","निर्यात करें","hi"
"Assessment assigned  successfully","मूल्यांकन सफलतापूर्वक सौंपा गया","hi"
"Assessment Created Successfully","मूल्यांकन सफलतापूर्वक बनाया गया","hi"
"Assessment Updated Successfully","मूल्यांकन सफलतापूर्वक अपडेट किया गया","hi"
"Unable to save the form","फॉर्म सहेजने में असमर्थ","hi"
"Assessment Title : ","मूल्यांकन शीर्षक : ","hi"
"Thank you for signing up! A confirmation email has been sent to your email address. Please check to verify your account and get started.","धन्यवाद आपने साइन अप किया! एक पुष्टिकरण ईमेल आपके ईमेल पते पर भेजा गया है। कृपया अपनी खाता सत्यापित करने और शुरू करने के लिए चेक करें।","hi"
"The login details are incorrect","लॉगिन विवरण गलत हैं","hi"
"Access tailored solutions and industry insights designed to elevate your business.","आपके व्यापार को बढ़ाने के लिए डिज़ाइन किए गए अनुकूलित समाधान और उद्योग अंतर्दृष्टि प्राप्त करें।","hi"
"Country","देश","hi"
"I agree to the","मैं सहमत हूँ","hi"
"Terms of Service","सेवा की शर्तें","hi"
"Privacy Policy","गोपनीयता नीति","hi"
"and","और","hi"
"or Sign in Using","या साइन इन करने के लिए उपयोग करें","hi"
"Already have an account?","क्या आपके पास पहले से एक खाता है?","hi"
"Sign In","साइन इन करें","hi"
"Error in sending attachment","अटैचमेंट भेजने में त्रुटि","hi"
"Attachment sent successfully!","अटैचमेंट सफलतापूर्वक भेजा गया!","hi"
"click to import","आयात करने के लिए क्लिक करें","hi"
"Saved Calculated Values","सहेजे गए गणना किए गए मान","hi"
"Data Updated!","डेटा अपडेट किया गया!","hi"
"Compliance reports updated successfully","कम्प्लायंस रिपोर्ट्स सफलतापूर्वक अपडेट की गई","hi"
"Please Type Category Name","कृपया श्रेणी का नाम टाइप करें","hi"
"New category is saved","नई श्रेणी सहेज ली गई है","hi"
"Sign in","साइन इन करें","hi"
"Optimize your business with AI-driven insights.","AI-चालित अंतर्दृष्टि के साथ अपने व्यापार को अनुकूलित करें।","hi"
"Continue with Google","गूगल के साथ जारी रखें","hi"
"Continue with Microsoft","माइक्रोसॉफ्ट के साथ जारी रखें","hi"
"or Sign in with User Name","या उपयोगकर्ता नाम से साइन इन करें","hi"
"Forgot Password?","पासवर्ड भूल गए?","hi"
"Remember Me","मुझे याद रखें","hi"
"Please wait...","कृपया प्रतीक्षा करें...","hi"
"Sign Up Now","अब साइन अप करें","hi"
"Not Registered Yet?","अभी तक पंजीकृत नहीं हैं?","hi"
"Error","त्रुटि","hi"
"Sent password reset. Please check your email","पासवर्ड रीसेट भेजा गया। कृपया अपना ईमेल जांचें","hi"
"Sorry, looks like there are some errors detected, please try again.","क्षमा करें, ऐसा लगता है कि कुछ त्रुटियाँ पाई गई हैं, कृपया फिर से प्रयास करें।","hi"
"Enter your email to reset your password.","अपना पासवर्ड रीसेट करने के लिए अपना ईमेल दर्ज करें।","hi"
"Forgot Password ?","पासवर्ड भूल गए?","hi"
"Create an account","एक खाता बनाएं","hi"
"Username is required","उपयोगकर्ता नाम आवश्यक है","hi"
"GHG calculator's","GHG कैलकुलेटर का","hi"
"Please Select Location","कृपया स्थान चुनें","hi"
"Choose an option","एक विकल्प चुनें","hi"
"raised this incident","इस घटना को उठाया","hi"
"User name","उपयोगकर्ता नाम","hi"
"Power fluctuations, especially sudden surges or drops in voltage, can damage production machinery and equipment. This damage may require repairs or even replacement of expensive machinery, leading to downtime and increased costs.","बिजली में उतार-चढ़ाव, विशेष रूप से अचानक वोल्टेज में वृद्धि या गिरावट, उत्पादन मशीनरी और उपकरणों को नुकसान पहुँचा सकते हैं। इस नुकसान को सुधारने या महंगी मशीनरी को बदलने की आवश्यकता हो सकती है, जिससे डाउनटाइम और लागत में वृद्धि होती है।","hi"
"Attachment","अटैचमेंट","hi"
"Incident.jpg","इंसिडेंट.jpg","hi"
"Immediate Actions Taken","तत्काल कदम उठाए गए","hi"
"Initiate Investigation","जांच शुरू करें","hi"
"Investigation Team Members Attendance","जांच टीम के सदस्य की उपस्थिति","hi"
"Yes","हां","hi"
"Does this Incident Required to File a Claim","क्या इस घटना के लिए दावा दाखिल करने की आवश्यकता है","hi"
"Given First AID","पहली सहायता दी गई","hi"
"Metric List","मेट्रिक सूची","hi"
"Assessment","मूल्यांकन","hi"
"Please Add Records To Display Here","कृपया यहां रिकॉर्ड जोड़ें ताकि प्रदर्शित हो सकें","hi"
"Requirements","आवश्यकताएँ","hi"
"Wine Limited","वाइन लिमिटेड","hi"
"New Assessment","नया मूल्यांकन","hi"
"Supplier Name : Wine Limited","आपूर्तिकर्ता का नाम : वाइन लिमिटेड","hi"
"Website :","वेबसाइट :","hi"
"Sustainability Report-2021","सततता रिपोर्ट-2021","hi"
"Sustainability Report-2022","सततता रिपोर्ट-2022","hi"
"Sustainability Report-2023","सततता रिपोर्ट-2023","hi"
"Integrations","एकीकरण","hi"
"Create new metrics","नए मेट्रिक्स बनाएँ","hi"
"Data Source","डेटा स्रोत","hi"

























